{"cameraMode":{"drawMode":0,"name":"Shaded","section":"Shading Mode"},"sceneLighting":false,"audioPlay":false,"sceneViewState":{"showFog":true,"showMaterialUpdate":false,"showSkybox":false,"showFlares":true,"showImageEffects":true,"showParticleSystems":true},"in2DMode":false,"pivot":{"x":-0.0008888356387615204,"y":1.3893449306488038,"z":-1.8546473979949952},"rotation":{"x":0.31120574474334719,"y":-0.04418157413601875,"z":0.014463906176388264,"w":0.9492204785346985},"size":0.40572190284729006,"orthographic":false}